{
  "tailwind.config.ts": 1773141492.131916,
  "eslint.config.js": 1773141492.0978196,
  "vite.config.ts": 1773141492.132949,
  "postcss.config.js": 1773141492.0989835,
  "supabase/functions/manage-users/index.ts": 1773141492.1275532,
  "supabase/functions/seed-categories/index.ts": 1773141492.12829,
  "supabase/functions/seed-content/index.ts": 1773237735.5422268,
  "supabase/functions/seed-shipping-content/index.ts": 1773141492.129805,
  "supabase/functions/submit-contact/index.ts": 1773141492.1306772,
  "supabase/functions/seed-products-content/index.ts": 1773141492.1294765,
  "supabase/functions/seed-automotive-content/index.ts": 1773141492.1280541,
  "supabase/functions/seed-cement-content/index.ts": 1773141492.1287203,
  "supabase/functions/_shared/cors.ts": 1773141492.1272533,
  "supabase/functions/_shared/auth.ts": 1773141492.127095,
  "supabase/functions/setup-admin/index.ts": 1773141492.13044,
  "supabase/functions/seed-steel-content/index.ts": 1773141492.130227,
  "src/App.tsx": 1773141492.0996401,
  "src/main.tsx": 1773141492.1173942,
  "src/vite-env.d.ts": 1773141492.1255584,
  "src/contexts/AuthContext.tsx": 1773141492.1135726,
  "src/integrations/supabase/types.ts": 1773141492.1160274,
  "src/integrations/supabase/client.ts": 1773141492.1157703,
  "src/components/NavLink.tsx": 1773141492.0998602,
  "src/components/ui/aspect-ratio.tsx": 1773141492.1068347,
  "src/components/ui/alert-dialog.tsx": 1773141492.1065893,
  "src/components/ui/pagination.tsx": 1773141492.1102703,
  "src/components/ui/tabs.tsx": 1773141492.1125643,
  "src/components/ui/card.tsx": 1773141492.1075618,
  "src/components/ui/slider.tsx": 1773141492.1121104,
  "src/components/ui/popover.tsx": 1773141492.1105356,
  "src/components/ui/progress.tsx": 1773141492.110723,
  "src/components/ui/toaster.tsx": 1773141492.112942,
  "src/components/ui/input-otp.tsx": 1773141492.109549,
  "src/components/ui/chart.tsx": 1773141492.1081128,
  "src/components/ui/hover-card.tsx": 1773141492.109438,
  "src/components/ui/sheet.tsx": 1773141492.1116526,
  "src/components/ui/scroll-area.tsx": 1773141492.111159,
  "src/components/ui/resizable.tsx": 1773141492.1110396,
  "src/components/ui/label.tsx": 1773141492.1097856,
  "src/components/ui/sonner.tsx": 1773141492.1122422,
  "src/components/ui/navigation-menu.tsx": 1773141492.1101565,
  "src/components/ui/accordion.tsx": 1773141492.106397,
  "src/components/ui/drawer.tsx": 1773141492.1089754,
  "src/components/ui/tooltip.tsx": 1773141492.1132836,
  "src/components/ui/alert.tsx": 1773141492.1067154,
  "src/components/ui/use-toast.ts": 1773141492.113388,
  "src/components/ui/switch.tsx": 1773141492.1123483,
  "src/components/ui/calendar.tsx": 1773141492.1074412,
  "src/components/ui/breadcrumb.tsx": 1773141492.107207,
  "src/components/ui/radio-group.tsx": 1773141492.1109035,
  "src/components/ui/command.tsx": 1773141492.1085234,
  "src/components/ui/toggle-group.tsx": 1773141492.1130586,
  "src/components/ui/avatar.tsx": 1773141492.1069663,
  "src/components/ui/menubar.tsx": 1773141492.1099653,
  "src/components/ui/dialog.tsx": 1773141492.1088526,
  "src/components/ui/badge.tsx": 1773141492.107086,
  "src/components/ui/sidebar.tsx": 1773141492.1118107,
  "src/components/ui/table.tsx": 1773141492.112455,
  "src/components/ui/separator.tsx": 1773141492.1114738,
  "src/components/ui/button.tsx": 1773141492.1073267,
  "src/components/ui/toggle.tsx": 1773141492.1131756,
  "src/components/ui/toast.tsx": 1773141492.1128366,
  "src/components/ui/checkbox.tsx": 1773141492.108231,
  "src/components/ui/collapsible.tsx": 1773141492.1083422,
  "src/components/ui/dropdown-menu.tsx": 1773141492.1091845,
  "src/components/ui/select.tsx": 1773141492.1113393,
  "src/components/ui/textarea.tsx": 1773141492.1126664,
  "src/components/ui/input.tsx": 1773141492.109666,
  "src/components/ui/skeleton.tsx": 1773141492.1119854,
  "src/components/ui/context-menu.tsx": 1773141492.108708,
  "src/components/ui/form.tsx": 1773141492.109318,
  "src/components/ui/carousel.tsx": 1773141492.1077447,
  "src/components/auth/AuthenticatedRoute.tsx": 1773141492.100704,
  "src/components/layout/ReadingProgress.tsx": 1773141492.1053874,
  "src/components/layout/SkipToContent.tsx": 1773141492.1057205,
  "src/components/layout/Breadcrumbs.tsx": 1773141492.104793,
  "src/components/layout/Footer.tsx": 1773141492.10507,
  "src/components/layout/DocsLayout.tsx": 1773141492.1049254,
  "src/components/layout/Header.tsx": 1773141492.1052632,
  "src/components/layout/Sidebar.tsx": 1773141492.1055932,
  "src/components/layout/TableOfContents.tsx": 1773141492.105859,
  "src/components/admin/ImageUploader.tsx": 1773141492.1003375,
  "src/components/admin/ProtectedRoute.tsx": 1773141492.1004908,
  "src/components/admin/AdminLayout.tsx": 1773141492.1001801,
  "src/components/docs/CtaButton.tsx": 1773141492.1023035,
  "src/components/docs/ExternalLink.tsx": 1773141492.1031687,
  "src/components/docs/CarbonLockInDiagram.tsx": 1773141492.1014915,
  "src/components/docs/ImageMedia.tsx": 1773141492.1033132,
  "src/components/docs/BaselPillarsDiagram.tsx": 1773141492.1011486,
  "src/components/docs/DynamicIcon.tsx": 1773141492.1027231,
  "src/components/docs/AccordionSection.tsx": 1773141492.1009204,
  "src/components/docs/PageNavigation.tsx": 1773141492.1036992,
  "src/components/docs/DownloadButton.tsx": 1773141492.1025867,
  "src/components/docs/PageMeta.tsx": 1773141492.1035662,
  "src/components/docs/TransitionPlanDiagram.tsx": 1773141492.104586,
  "src/components/docs/CardGrid.tsx": 1773141492.1016614,
  "src/components/docs/ContactFormDialog.tsx": 1773141492.1021373,
  "src/components/docs/KpiMetric.tsx": 1773141492.103446,
  "src/components/docs/StatusBadge.tsx": 1773141492.1039994,
  "src/components/docs/DynamicPageContent.tsx": 1773141492.103034,
  "src/components/docs/DataTable.tsx": 1773141492.102438,
  "src/components/docs/StrategyDecisionPlanDiagram.tsx": 1773141492.1042283,
  "src/components/docs/SourceCitations.tsx": 1773141492.1038446,
  "src/components/docs/Callout.tsx": 1773141492.1012878,
  "src/components/docs/StyledList.tsx": 1773141492.1043842,
  "src/components/docs/CodeBlock.tsx": 1773141492.1019022,
  "src/components/search/SearchDialog.tsx": 1773141492.106189,
  "src/hooks/use-mobile.tsx": 1773141492.1146896,
  "src/hooks/usePageContent.ts": 1773141492.1150427,
  "src/hooks/useSearchIndex.ts": 1773141492.11521,
  "src/hooks/use-toast.ts": 1773141492.1148093,
  "src/hooks/useUndoRedo.ts": 1773141492.115315,
  "src/hooks/useNavigation.ts": 1773141492.1149302,
  "src/lib/utils.ts": 1773141492.117254,
  "src/data/sectors/automotiveContent.ts": 1773141492.1139119,
  "src/data/sectors/steelContent.ts": 1773141492.1144676,
  "src/data/sectors/cementContent.ts": 1773141492.1141815,
  "src/pages/Index.tsx": 1773141492.1180093,
  "src/pages/Login.tsx": 1773141492.1181426,
  "src/pages/NotFound.tsx": 1773141492.1183255,
  "src/pages/DynamicPage.tsx": 1773141492.1176088,
  "src/pages/sectors/Shipping.tsx": 1773141492.1251776,
  "src/pages/sectors/Automotive.tsx": 1773141492.1241949,
  "src/pages/sectors/Cement.tsx": 1773141492.1244586,
  "src/pages/sectors/Steel.tsx": 1773141492.1253455,
  "src/pages/products/LoanPolicy.tsx": 1773141492.1236048,
  "src/pages/products/ContractualSolutions.tsx": 1773141492.1225855,
  "src/pages/products/KPIsCriteria.tsx": 1773141492.1231785,
  "src/pages/products/CorporateLoans.tsx": 1773141492.1229634,
  "src/pages/products/SLL.tsx": 1773141492.1238525,
  "src/pages/admin/Dashboard.tsx": 1773141492.1187892,
  "src/pages/admin/EditPage.tsx": 1773141492.1191673,
  "src/pages/governance/PrudentialPlanning.tsx": 1773141492.1203237,
  "src/pages/governance/FinanceFramework.tsx": 1773141492.119495,
  "src/pages/governance/NetZeroManagement.tsx": 1773141492.1196942,
  "src/pages/know-how/RiskAssessment.tsx": 1773141492.121417,
  "src/pages/know-how/GreenwashingRisks.tsx": 1773141492.1209764,
  "src/pages/know-how/SolutionsDeployment.tsx": 1773141492.1217813,